class,count,proportion
Low+Medium,403,0.5628491620111732
High,313,0.4371508379888268
