class,count,proportion
Medium,431,0.37348353552859614
High,370,0.3206239168110918
Low,353,0.30589254766031193
