class,count,proportion
Low+Medium,101,0.5642458100558659
High,78,0.4357541899441341
