class,count,proportion
High,286,0.3624841571609632
Medium,279,0.3536121673003802
Low,224,0.28390367553865653
