class,count,proportion
High,49326,0.4820993989151151
Medium,32291,0.3156037726628549
Low,20698,0.20229682842203
