class,count,proportion
High,160,0.380952380952381
Medium,139,0.330952380952381
Low,121,0.2880952380952381
