class,count,proportion
High,40,0.3773584905660377
Medium,35,0.330188679245283
Low,31,0.29245283018867924
