class,count,proportion
Low+Medium,37972,0.6582304812092636
High,19716,0.34176951879073636
