class,count,proportion
Low+Medium,1552,0.5834586466165413
High,1108,0.41654135338345866
