class,count,proportion
Low+Medium,596,0.5359712230215827
High,516,0.46402877697841727
