class,count,proportion
High,1130,0.5058191584601611
Low+Medium,1104,0.4941808415398389
