class,count,proportion
Low+Medium,44995,0.7662505747517924
High,13726,0.23374942524820763
