class,count,proportion
Low+Medium,363,0.5276162790697674
High,325,0.47238372093023256
