class,count,proportion
Low+Medium,91,0.5290697674418604
High,81,0.47093023255813954
