class,count,proportion
Low+Medium,38463,0.5333786332371866
High,33649,0.4666213667628134
