class,count,proportion
Low+Medium,619,0.6221105527638192
High,376,0.37788944723618095
