class,count,proportion
Low+Medium,374,0.637137989778535
High,213,0.3628620102214651
