class,count,proportion
Low+Medium,77,0.6260162601626017
High,46,0.3739837398373984
