class,count,proportion
Low+Medium,1545,0.6997282608695652
High,663,0.3002717391304348
