class,count,proportion
Low+Medium,308,0.6272912423625254
High,183,0.3727087576374745
