class,count,proportion
High,44,0.36666666666666664
Low,39,0.325
Medium,37,0.30833333333333335
