class,count,proportion
High,75,0.3731343283582089
Medium,66,0.3283582089552239
Low,60,0.29850746268656714
