class,count,proportion
High,77,0.3649289099526067
Medium,69,0.3270142180094787
Low,65,0.3080568720379147
