class,count,proportion
High,11,0.36666666666666664
Low,10,0.3333333333333333
Medium,9,0.3
