class,count,proportion
Medium,393,0.33820998278829606
High,390,0.33562822719449226
Low,379,0.32616179001721174
