class,count,proportion
Low+Medium,40478,0.6259839475434174
High,24185,0.37401605245658254
