class,count,proportion
Low+Medium,771,0.6138535031847134
High,485,0.3861464968152866
