class,count,proportion
Low+Medium,365,0.6336805555555555
High,211,0.3663194444444444
