class,count,proportion
Medium,81,0.36651583710407243
High,72,0.3257918552036199
Low,68,0.3076923076923077
