class,count,proportion
Low+Medium,92,0.6344827586206896
High,53,0.36551724137931035
