class,count,proportion
Low+Medium,86140,0.842387318227603
High,16117,0.157612681772397
