class,count,proportion
High,1400,0.4410838059231254
Low,930,0.29300567107750475
Medium,844,0.2659105229993699
