class,count,proportion
Low+Medium,141,0.5826446280991736
High,101,0.41735537190082644
