class,count,proportion
Low+Medium,1136,0.7400651465798046
High,399,0.25993485342019546
