class,count,proportion
High,37303,0.4856908494349253
Medium,22943,0.29872142075933544
Low,16558,0.2155877298057393
