class,count,proportion
Low+Medium,506,0.6421319796954315
High,282,0.3578680203045685
