class,count,proportion
Medium,320,0.36281179138321995
High,289,0.3276643990929705
Low,273,0.30952380952380953
