class,count,proportion
Low+Medium,563,0.5822130299896587
High,404,0.4177869700103413
