class,count,proportion
Low+Medium,3141,0.8099535843218154
High,737,0.19004641567818464
