class,count,proportion
Low+Medium,290,0.6092436974789915
High,186,0.3907563025210084
