class,count,proportion
High,978,0.5746180963572268
Low+Medium,724,0.4253819036427732
