class,count,proportion
Low+Medium,72,0.6050420168067226
High,47,0.3949579831932773
