class,count,proportion
High,788,0.5260347129506008
Low+Medium,710,0.47396528704939916
