class,count,proportion
Low+Medium,22639,0.6179440987007315
High,13997,0.3820559012992685
