class,count,proportion
Low+Medium,2371,0.5937891309792136
High,1622,0.40621086902078635
