class,count,proportion
Low+Medium,2107,0.6132130384167637
High,1329,0.38678696158323633
