class,count,proportion
Low+Medium,527,0.6135040745052386
High,332,0.38649592549476136
