class,count,proportion
High,166,0.34297520661157027
Medium,163,0.3367768595041322
Low,155,0.3202479338842975
