class,count,proportion
High,1886,0.4974940648905302
Low,956,0.2521762068055922
Medium,949,0.2503297283038776
