class,count,proportion
Low,101,0.3840304182509506
Medium,81,0.30798479087452474
High,81,0.30798479087452474
