class,count,proportion
Low,25,0.3787878787878788
Medium,21,0.3181818181818182
High,20,0.30303030303030304
