class,count,proportion
Medium,162,0.34177215189873417
High,160,0.33755274261603374
Low,152,0.32067510548523204
