class,count,proportion
Medium,87,0.4627659574468085
Low,56,0.2978723404255319
High,45,0.2393617021276596
