class,count,proportion
Low,51,0.38636363636363635
High,46,0.3484848484848485
Medium,35,0.26515151515151514
