class,count,proportion
Low,204,0.35355285961871746
High,193,0.3344887348353553
Medium,180,0.3119584055459272
