class,count,proportion
High,33,0.35106382978723405
Low,31,0.32978723404255317
Medium,30,0.3191489361702128
