class,count,proportion
High,44,0.36065573770491804
Medium,42,0.3442622950819672
Low,36,0.29508196721311475
