class,count,proportion
Low,293,0.3810143042912874
High,259,0.3368010403120936
Medium,217,0.28218465539661897
