class,count,proportion
Medium,10,0.38461538461538464
Low,9,0.34615384615384615
High,7,0.2692307692307692
