class,count,proportion
High,223,0.4010791366906475
Medium,183,0.329136690647482
Low,150,0.2697841726618705
