class,count,proportion
High,1283,0.4755374351371386
Low,720,0.26686434395848774
Medium,695,0.2575982209043736
