class,count,proportion
Low,13,0.3939393939393939
High,12,0.36363636363636365
Medium,8,0.24242424242424243
