class,count,proportion
High,174,0.35876288659793815
Medium,166,0.3422680412371134
Low,145,0.29896907216494845
