class,count,proportion
High,1020,0.46070460704607047
Medium,950,0.4290876242095754
Low,244,0.1102077687443541
