class,count,proportion
High,1356,0.5859982713915298
Low,515,0.22255834053586862
Medium,443,0.19144338807260156
