class,count,proportion
Low,222,0.34796238244514105
High,214,0.335423197492163
Medium,202,0.3166144200626959
