class,count,proportion
Low,253,0.3922480620155039
High,205,0.3178294573643411
Medium,187,0.289922480620155
