class,count,proportion
Low,3,0.42857142857142855
High,2,0.2857142857142857
Medium,2,0.2857142857142857
