class,count,proportion
High,128,0.34408602150537637
Low,123,0.3306451612903226
Medium,121,0.3252688172043011
