class,count,proportion
High,175,0.354251012145749
Medium,169,0.34210526315789475
Low,150,0.30364372469635625
