class,count,proportion
Low,34,0.4722222222222222
Medium,27,0.375
High,11,0.1527777777777778
