class,count,proportion
High,1125,0.531663516068053
Low,525,0.24810964083175804
Medium,466,0.22022684310018903
