class,count,proportion
High,1761,0.5856335217825075
Medium,714,0.2374459594280013
Low,532,0.17692051878949117
