class,count,proportion
Medium,101,0.36330935251798563
High,91,0.3273381294964029
Low,86,0.30935251798561153
