class,count,proportion
Medium,401,0.3615870153291253
High,365,0.3291253381424707
Low,343,0.30928764652840396
