class,count,proportion
Medium,405,0.35904255319148937
High,373,0.33067375886524825
Low,350,0.3102836879432624
