class,count,proportion
High,728,0.9758713136729222
Low+Medium,18,0.02412868632707775
