class,count,proportion
High,65,0.9701492537313433
Low+Medium,2,0.029850746268656716
