class,count,proportion
High,643,0.9922839506172839
Low+Medium,5,0.007716049382716049
