class,count,proportion
High,656,0.9924357034795764
Low+Medium,5,0.007564296520423601
