class,count,proportion
Low+Medium,123,0.6507936507936507
High,66,0.3492063492063492
