class,count,proportion
Low+Medium,53207,0.5801341111050538
High,38508,0.4198658888949463
