class,count,proportion
Low+Medium,827,0.6506687647521636
High,444,0.3493312352478363
