class,count,proportion
Low+Medium,493,0.6521164021164021
High,263,0.34788359788359785
