class,count,proportion
Low+Medium,1259,0.5436096718480138
High,1057,0.45639032815198616
