class,count,proportion
Low+Medium,862,0.5268948655256723
High,774,0.4731051344743276
