class,count,proportion
Low+Medium,3260,0.6374657802111849
High,1854,0.362534219788815
