class,count,proportion
Low+Medium,216,0.526829268292683
High,194,0.47317073170731705
