class,count,proportion
High,32163,0.5319011708672355
Low+Medium,28305,0.4680988291327644
