class,count,proportion
Low+Medium,580,0.59244126659857
High,399,0.40755873340143006
