class,count,proportion
Low+Medium,573,0.6069915254237288
High,371,0.3930084745762712
