class,count,proportion
Low+Medium,143,0.6059322033898306
High,93,0.3940677966101695
