class,count,proportion
Low+Medium,3860,0.506295907660021
High,3764,0.49370409233997903
