class,count,proportion
Low+Medium,475,0.5283648498331479
High,424,0.47163515016685204
