class,count,proportion
Low+Medium,1898,0.5282493737823546
High,1695,0.4717506262176454
