class,count,proportion
High,2018,0.502740408570005
Low+Medium,1996,0.497259591429995
