class,count,proportion
Low,101,0.4469026548672566
Medium,82,0.36283185840707965
High,43,0.1902654867256637
