class,count,proportion
High,1169,0.34760630389533154
Medium,1138,0.3383883437407077
Low,1056,0.3140053523639607
