class,count,proportion
Low,403,0.44579646017699115
Medium,329,0.3639380530973451
High,172,0.1902654867256637
