class,count,proportion
High,1169,0.3475029726516052
Medium,1138,0.3382877526753864
Low,1057,0.3142092746730083
