class,count,proportion
High,1655,0.37759525439196895
Medium,1500,0.34223134839151265
Low,1228,0.28017339721651835
