class,count,proportion
High,1530,0.354248668673304
Medium,1508,0.34915489696689045
Low,1281,0.2965964343598055
