class,count,proportion
High,498,0.40987654320987654
Medium,403,0.3316872427983539
Low,314,0.2584362139917695
