class,count,proportion
Medium,1119,0.34053560559951307
High,1087,0.33079732197200246
Low,1080,0.3286670724284845
