class,count,proportion
High,125,0.41118421052631576
Medium,101,0.33223684210526316
Low,78,0.256578947368421
