class,count,proportion
Medium,1119,0.3406392694063927
High,1087,0.3308980213089802
Low,1079,0.3284627092846271
