class,count,proportion
Medium,24,0.34782608695652173
Low,23,0.3333333333333333
High,22,0.31884057971014496
