class,count,proportion
Medium,16,0.3404255319148936
Low,16,0.3404255319148936
High,15,0.3191489361702128
