class,count,proportion
High,3569,0.57104
Low,1410,0.22560000000000002
Medium,1271,0.20336
