class,count,proportion
High,2983,0.39858364510956706
Medium,2950,0.3941742383752004
Low,1551,0.20724211651523247
