class,count,proportion
Medium,4,0.3333333333333333
High,4,0.3333333333333333
Low,4,0.3333333333333333
