class,count,proportion
High,684,0.43483788938334395
Low,482,0.30642085187539736
Medium,407,0.25874125874125875
