class,count,proportion
Low,93,0.3381818181818182
Medium,93,0.3381818181818182
High,89,0.3236363636363636
