class,count,proportion
Medium,349,0.5287878787878788
High,224,0.3393939393939394
Low,87,0.1318181818181818
