class,count,proportion
High,48,0.7272727272727273
Low+Medium,18,0.2727272727272727
