class,count,proportion
High,7652,0.9271779958802859
Low+Medium,601,0.07282200411971404
