class,count,proportion
High,2418,0.893569844789357
Low+Medium,288,0.10643015521064302
