class,count,proportion
High,192,0.7300380228136882
Low+Medium,71,0.26996197718631176
