class,count,proportion
High,225,0.7550335570469798
Low+Medium,73,0.24496644295302014
