class,count,proportion
Low+Medium,984,0.6089108910891089
High,632,0.3910891089108911
