class,count,proportion
High,844,0.3397745571658615
Low,821,0.3305152979066023
Medium,819,0.32971014492753625
