class,count,proportion
High,4508,0.44963095950528625
Medium,3144,0.31358467983243565
Low,2374,0.2367843606622781
