class,count,proportion
Low+Medium,5829,0.6740286771507863
High,2819,0.3259713228492137
