class,count,proportion
Low+Medium,7916,0.7013999645578592
High,3370,0.2986000354421407
