class,count,proportion
Low,515,0.3913373860182371
Medium,441,0.3351063829787234
High,360,0.2735562310030395
