class,count,proportion
Low+Medium,341,0.5760135135135136
High,251,0.4239864864864865
