class,count,proportion
Low+Medium,5852,0.5873732811402188
High,4111,0.4126267188597812
