class,count,proportion
Low,129,0.39090909090909093
Medium,111,0.33636363636363636
High,90,0.2727272727272727
