class,count,proportion
Low+Medium,247,0.6098765432098765
High,158,0.39012345679012345
