class,count,proportion
Low+Medium,1363,0.5760777683854607
High,1003,0.4239222316145393
