class,count,proportion
High,4993,0.4047175164140391
Medium,3740,0.30315311664099864
Low,3604,0.29212936694496233
