class,count,proportion
Low+Medium,1362,0.6282287822878229
High,806,0.37177121771217714
