class,count,proportion
Low+Medium,7054,0.6148348295999303
High,4419,0.38516517040006976
