class,count,proportion
Low+Medium,2601,0.592617908407382
High,1788,0.4073820915926179
