class,count,proportion
Low,156,0.3466666666666667
High,150,0.3333333333333333
Medium,144,0.32
