class,count,proportion
Medium,12,0.6000000000000001
High,5,0.25
Low,3,0.15000000000000002
