class,count,proportion
Low,251,0.35653409090909094
High,231,0.328125
Medium,222,0.3153409090909091
