class,count,proportion
Medium,50,0.641025641025641
High,18,0.23076923076923075
Low,10,0.1282051282051282
