{
  "accuracy": 0.7169811320754716,
  "precision_per_class": [
    0.7142857142857143,
    0.5862068965517241,
    0.8095238095238095
  ],
  "recall_per_class": [
    0.8064516129032258,
    0.4857142857142857,
    0.85
  ],
  "f1_per_class": [
    0.7575757575757576,
    0.53125,
    0.8292682926829268
  ],
  "support_per_class": [
    31,
    35,
    40
  ],
  "precision_macro": 0.7033388067870826,
  "recall_macro": 0.7140552995391705,
  "f1_macro": 0.7060313500862282,
  "precision_weighted": 0.7079344424822629,
  "recall_weighted": 0.7169811320754716,
  "f1_weighted": 0.7098993414355241,
  "confusion_matrix": [
    [
      25,
      6,
      0
    ],
    [
      10,
      17,
      8
    ],
    [
      0,
      6,
      34
    ]
  ],
  "class_labels": [
    "Low",
    "Medium",
    "High"
  ]
}