{
  "accuracy": 0.7264150943396226,
  "precision_per_class": [
    0.7575757575757576,
    0.6,
    0.7906976744186046
  ],
  "recall_per_class": [
    0.8064516129032258,
    0.5142857142857142,
    0.85
  ],
  "f1_per_class": [
    0.78125,
    0.5538461538461539,
    0.8192771084337349
  ],
  "support_per_class": [
    31,
    35,
    40
  ],
  "precision_macro": 0.7160911439981207,
  "recall_macro": 0.72357910906298,
  "f1_macro": 0.718124420759963,
  "precision_weighted": 0.7180448628452138,
  "recall_weighted": 0.7264150943396226,
  "f1_weighted": 0.7205136766223093,
  "confusion_matrix": [
    [
      25,
      6,
      0
    ],
    [
      8,
      18,
      9
    ],
    [
      0,
      6,
      34
    ]
  ],
  "class_labels": [
    "Low",
    "Medium",
    "High"
  ]
}