{
  "accuracy": 0.7452830188679245,
  "precision_per_class": [
    0.7575757575757576,
    0.6333333333333333,
    0.813953488372093
  ],
  "recall_per_class": [
    0.8064516129032258,
    0.5428571428571428,
    0.875
  ],
  "f1_per_class": [
    0.78125,
    0.5846153846153846,
    0.8433734939759037
  ],
  "support_per_class": [
    31,
    35,
    40
  ],
  "precision_macro": 0.7349541930937279,
  "recall_macro": 0.7414362519201229,
  "f1_macro": 0.7364129595304295,
  "precision_weighted": 0.7378269310037628,
  "recall_weighted": 0.7452830188679245,
  "f1_weighted": 0.7397663039676851,
  "confusion_matrix": [
    [
      25,
      6,
      0
    ],
    [
      8,
      19,
      8
    ],
    [
      0,
      5,
      35
    ]
  ],
  "class_labels": [
    "Low",
    "Medium",
    "High"
  ]
}