{
  "accuracy": 0.7358490566037735,
  "precision_per_class": [
    0.7142857142857143,
    0.6296296296296297,
    0.8181818181818182
  ],
  "recall_per_class": [
    0.8064516129032258,
    0.4857142857142857,
    0.9
  ],
  "f1_per_class": [
    0.7575757575757576,
    0.5483870967741935,
    0.8571428571428571
  ],
  "support_per_class": [
    31,
    35,
    40
  ],
  "precision_macro": 0.7206990540323873,
  "recall_macro": 0.7307219662058372,
  "f1_macro": 0.7210352371642693,
  "precision_weighted": 0.7255393104449708,
  "recall_weighted": 0.7358490566037735,
  "f1_weighted": 0.7260765203552787,
  "confusion_matrix": [
    [
      25,
      6,
      0
    ],
    [
      10,
      17,
      8
    ],
    [
      0,
      4,
      36
    ]
  ],
  "class_labels": [
    "Low",
    "Medium",
    "High"
  ]
}