{
  "accuracy": 0.5666666666666667,
  "precision_per_class": [
    0.6666666666666666,
    0.375,
    0.6153846153846154
  ],
  "recall_per_class": [
    0.6,
    0.3333333333333333,
    0.7272727272727273
  ],
  "f1_per_class": [
    0.631578947368421,
    0.35294117647058826,
    0.6666666666666666
  ],
  "support_per_class": [
    10,
    9,
    11
  ],
  "precision_macro": 0.5523504273504273,
  "recall_macro": 0.5535353535353535,
  "f1_macro": 0.5503955968352253,
  "precision_weighted": 0.560363247863248,
  "recall_weighted": 0.5666666666666667,
  "f1_weighted": 0.5608531131750946,
  "confusion_matrix": [
    [
      6,
      2,
      2
    ],
    [
      3,
      3,
      3
    ],
    [
      0,
      3,
      8
    ]
  ],
  "class_labels": [
    "Low",
    "Medium",
    "High"
  ]
}