{
  "accuracy": 0.5666666666666667,
  "precision_per_class": [
    0.6,
    0.375,
    0.6666666666666666
  ],
  "recall_per_class": [
    0.6,
    0.3333333333333333,
    0.7272727272727273
  ],
  "f1_per_class": [
    0.6,
    0.35294117647058826,
    0.6956521739130435
  ],
  "support_per_class": [
    10,
    9,
    11
  ],
  "precision_macro": 0.5472222222222222,
  "recall_macro": 0.5535353535353535,
  "f1_macro": 0.5495311167945439,
  "precision_weighted": 0.5569444444444444,
  "recall_weighted": 0.5666666666666667,
  "f1_weighted": 0.5609548167092925,
  "confusion_matrix": [
    [
      6,
      2,
      2
    ],
    [
      4,
      3,
      2
    ],
    [
      0,
      3,
      8
    ]
  ],
  "class_labels": [
    "Low",
    "Medium",
    "High"
  ]
}