{
  "accuracy": 0.5666666666666667,
  "precision_per_class": [
    0.6666666666666666,
    0.4,
    0.6363636363636364
  ],
  "recall_per_class": [
    0.6,
    0.4444444444444444,
    0.6363636363636364
  ],
  "f1_per_class": [
    0.631578947368421,
    0.42105263157894735,
    0.6363636363636364
  ],
  "support_per_class": [
    10,
    9,
    11
  ],
  "precision_macro": 0.5676767676767677,
  "recall_macro": 0.5602693602693601,
  "f1_macro": 0.5629984051036683,
  "precision_weighted": 0.5755555555555555,
  "recall_weighted": 0.5666666666666667,
  "f1_weighted": 0.5701754385964912,
  "confusion_matrix": [
    [
      6,
      2,
      2
    ],
    [
      3,
      4,
      2
    ],
    [
      0,
      4,
      7
    ]
  ],
  "class_labels": [
    "Low",
    "Medium",
    "High"
  ]
}