{
  "accuracy": 0.6561085972850679,
  "precision_per_class": [
    0.6764705882352942,
    0.575,
    0.726027397260274
  ],
  "recall_per_class": [
    0.6764705882352942,
    0.5679012345679012,
    0.7361111111111112
  ],
  "f1_per_class": [
    0.6764705882352942,
    0.5714285714285714,
    0.7310344827586207
  ],
  "support_per_class": [
    68,
    81,
    72
  ],
  "precision_macro": 0.6591659951651894,
  "recall_macro": 0.6601609779714356,
  "f1_macro": 0.6596445474741621,
  "precision_weighted": 0.6554252153970123,
  "recall_weighted": 0.6561085972850679,
  "f1_weighted": 0.6557474979381673,
  "confusion_matrix": [
    [
      46,
      19,
      3
    ],
    [
      18,
      46,
      17
    ],
    [
      4,
      15,
      53
    ]
  ],
  "class_labels": [
    "Low",
    "Medium",
    "High"
  ]
}