{
  "accuracy": 0.6470588235294118,
  "precision_per_class": [
    0.6811594202898551,
    0.5584415584415584,
    0.7066666666666667
  ],
  "recall_per_class": [
    0.6911764705882353,
    0.5308641975308642,
    0.7361111111111112
  ],
  "f1_per_class": [
    0.6861313868613139,
    0.5443037974683544,
    0.7210884353741497
  ],
  "support_per_class": [
    68,
    81,
    72
  ],
  "precision_macro": 0.6487558817993601,
  "recall_macro": 0.6527172597434036,
  "f1_macro": 0.650507873234606,
  "precision_weighted": 0.644491433545142,
  "recall_weighted": 0.6470588235294118,
  "f1_weighted": 0.6455380508979405,
  "confusion_matrix": [
    [
      47,
      19,
      2
    ],
    [
      18,
      43,
      20
    ],
    [
      4,
      15,
      53
    ]
  ],
  "class_labels": [
    "Low",
    "Medium",
    "High"
  ]
}