{
  "accuracy": 0.6606334841628959,
  "precision_per_class": [
    0.6714285714285714,
    0.5897435897435898,
    0.726027397260274
  ],
  "recall_per_class": [
    0.6911764705882353,
    0.5679012345679012,
    0.7361111111111112
  ],
  "f1_per_class": [
    0.6811594202898551,
    0.5786163522012578,
    0.7310344827586207
  ],
  "support_per_class": [
    68,
    81,
    72
  ],
  "precision_macro": 0.6623998528108117,
  "recall_macro": 0.6650629387557493,
  "f1_macro": 0.6636034184165779,
  "precision_weighted": 0.6592775847471192,
  "recall_weighted": 0.6606334841628959,
  "f1_weighted": 0.6598246509802386,
  "confusion_matrix": [
    [
      47,
      18,
      3
    ],
    [
      18,
      46,
      17
    ],
    [
      5,
      14,
      53
    ]
  ],
  "class_labels": [
    "Low",
    "Medium",
    "High"
  ]
}