{
  "accuracy": 0.6787330316742082,
  "precision_per_class": [
    0.7014925373134329,
    0.6172839506172839,
    0.726027397260274
  ],
  "recall_per_class": [
    0.6911764705882353,
    0.6172839506172839,
    0.7361111111111112
  ],
  "f1_per_class": [
    0.6962962962962963,
    0.6172839506172839,
    0.7310344827586207
  ],
  "support_per_class": [
    68,
    81,
    72
  ],
  "precision_macro": 0.6816012950636635,
  "recall_macro": 0.6815238441055435,
  "f1_macro": 0.681538243224067,
  "precision_weighted": 0.6786220142083853,
  "recall_weighted": 0.6787330316742082,
  "f1_weighted": 0.6786544384921667,
  "confusion_matrix": [
    [
      47,
      17,
      4
    ],
    [
      15,
      50,
      16
    ],
    [
      5,
      14,
      53
    ]
  ],
  "class_labels": [
    "Low",
    "Medium",
    "High"
  ]
}