{
  "accuracy": 0.8403361344537815,
  "precision_per_class": [
    0.8441558441558441,
    0.8333333333333334
  ],
  "recall_per_class": [
    0.9027777777777778,
    0.7446808510638298
  ],
  "f1_per_class": [
    0.87248322147651,
    0.7865168539325843
  ],
  "support_per_class": [
    72,
    47
  ],
  "precision_macro": 0.8387445887445888,
  "recall_macro": 0.8237293144208038,
  "f1_macro": 0.8295000377045472,
  "precision_weighted": 0.839881407108298,
  "recall_weighted": 0.8403361344537815,
  "f1_weighted": 0.8385301183289091,
  "confusion_matrix": [
    [
      65,
      7
    ],
    [
      12,
      35
    ]
  ],
  "class_labels": [
    "Low+Medium",
    "High"
  ]
}