{
  "accuracy": 0.6060606060606061,
  "precision_per_class": [
    0.6521739130434783,
    0.5294117647058824,
    0.6153846153846154
  ],
  "recall_per_class": [
    0.6,
    0.42857142857142855,
    0.8
  ],
  "f1_per_class": [
    0.625,
    0.47368421052631576,
    0.6956521739130435
  ],
  "support_per_class": [
    25,
    21,
    20
  ],
  "precision_macro": 0.5989900977113254,
  "recall_macro": 0.6095238095238095,
  "f1_macro": 0.5981121281464531,
  "precision_weighted": 0.6019649574636787,
  "recall_weighted": 0.6060606060606061,
  "f1_weighted": 0.5982638166562652,
  "confusion_matrix": [
    [
      15,
      6,
      4
    ],
    [
      6,
      9,
      6
    ],
    [
      2,
      2,
      16
    ]
  ],
  "class_labels": [
    "Low",
    "Medium",
    "High"
  ]
}