{
  "accuracy": 0.6060606060606061,
  "precision_per_class": [
    0.64,
    0.47058823529411764,
    0.6666666666666666
  ],
  "recall_per_class": [
    0.64,
    0.38095238095238093,
    0.8
  ],
  "f1_per_class": [
    0.64,
    0.42105263157894735,
    0.7272727272727273
  ],
  "support_per_class": [
    25,
    21,
    20
  ],
  "precision_macro": 0.5924183006535948,
  "recall_macro": 0.6069841269841271,
  "f1_macro": 0.5961084529505583,
  "precision_weighted": 0.5941770647653001,
  "recall_weighted": 0.6060606060606061,
  "f1_weighted": 0.5967812092214005,
  "confusion_matrix": [
    [
      16,
      7,
      2
    ],
    [
      7,
      8,
      6
    ],
    [
      2,
      2,
      16
    ]
  ],
  "class_labels": [
    "Low",
    "Medium",
    "High"
  ]
}