{
  "accuracy": 0.6363636363636364,
  "precision_per_class": [
    0.6666666666666666,
    0.5263157894736842,
    0.6956521739130435
  ],
  "recall_per_class": [
    0.64,
    0.47619047619047616,
    0.8
  ],
  "f1_per_class": [
    0.6530612244897959,
    0.5,
    0.7441860465116279
  ],
  "support_per_class": [
    25,
    21,
    20
  ],
  "precision_macro": 0.6295448766844648,
  "recall_macro": 0.6387301587301587,
  "f1_macro": 0.6324157570004746,
  "precision_weighted": 0.630793056422347,
  "recall_weighted": 0.6363636363636364,
  "f1_weighted": 0.6319735082193554,
  "confusion_matrix": [
    [
      16,
      7,
      2
    ],
    [
      6,
      10,
      5
    ],
    [
      2,
      2,
      16
    ]
  ],
  "class_labels": [
    "Low",
    "Medium",
    "High"
  ]
}