{
  "accuracy": 0.6212121212121212,
  "precision_per_class": [
    0.6666666666666666,
    0.5,
    0.6666666666666666
  ],
  "recall_per_class": [
    0.64,
    0.42857142857142855,
    0.8
  ],
  "f1_per_class": [
    0.6530612244897959,
    0.46153846153846156,
    0.7272727272727273
  ],
  "support_per_class": [
    25,
    21,
    20
  ],
  "precision_macro": 0.611111111111111,
  "recall_macro": 0.6228571428571429,
  "f1_macro": 0.6139574711003283,
  "precision_weighted": 0.6136363636363636,
  "recall_weighted": 0.6212121212121212,
  "f1_weighted": 0.6146104977273809,
  "confusion_matrix": [
    [
      16,
      7,
      2
    ],
    [
      6,
      9,
      6
    ],
    [
      2,
      2,
      16
    ]
  ],
  "class_labels": [
    "Low",
    "Medium",
    "High"
  ]
}