{
  "accuracy": 0.5714285714285714,
  "precision_per_class": [
    1.0,
    0.5,
    0.0
  ],
  "recall_per_class": [
    0.6666666666666666,
    1.0,
    0.0
  ],
  "f1_per_class": [
    0.8,
    0.6666666666666666,
    0.0
  ],
  "support_per_class": [
    3,
    2,
    2
  ],
  "precision_macro": 0.5,
  "recall_macro": 0.5555555555555555,
  "f1_macro": 0.48888888888888893,
  "precision_weighted": 0.5714285714285714,
  "recall_weighted": 0.5714285714285714,
  "f1_weighted": 0.5333333333333333,
  "confusion_matrix": [
    [
      2,
      0,
      1
    ],
    [
      0,
      2,
      0
    ],
    [
      0,
      2,
      0
    ]
  ],
  "class_labels": [
    "Low",
    "Medium",
    "High"
  ]
}