{
  "accuracy": 0.5638297872340425,
  "precision_per_class": [
    0.6666666666666666,
    0.42424242424242425,
    0.6176470588235294
  ],
  "recall_per_class": [
    0.5806451612903226,
    0.4666666666666667,
    0.6363636363636364
  ],
  "f1_per_class": [
    0.6206896551724138,
    0.4444444444444444,
    0.6268656716417911
  ],
  "support_per_class": [
    31,
    30,
    33
  ],
  "precision_macro": 0.56951871657754,
  "recall_macro": 0.5612251547735418,
  "f1_macro": 0.5639999237528831,
  "precision_weighted": 0.5720882163310198,
  "recall_weighted": 0.5638297872340425,
  "f1_weighted": 0.566609359658056,
  "confusion_matrix": [
    [
      18,
      9,
      4
    ],
    [
      7,
      14,
      9
    ],
    [
      2,
      10,
      21
    ]
  ],
  "class_labels": [
    "Low",
    "Medium",
    "High"
  ]
}