{
  "accuracy": 0.42857142857142855,
  "precision_per_class": [
    1.0,
    0.3333333333333333,
    0.0
  ],
  "recall_per_class": [
    0.6666666666666666,
    0.5,
    0.0
  ],
  "f1_per_class": [
    0.8,
    0.4,
    0.0
  ],
  "support_per_class": [
    3,
    2,
    2
  ],
  "precision_macro": 0.4444444444444444,
  "recall_macro": 0.38888888888888884,
  "f1_macro": 0.4000000000000001,
  "precision_weighted": 0.5238095238095238,
  "recall_weighted": 0.42857142857142855,
  "f1_weighted": 0.4571428571428572,
  "confusion_matrix": [
    [
      2,
      0,
      1
    ],
    [
      0,
      1,
      1
    ],
    [
      0,
      2,
      0
    ]
  ],
  "class_labels": [
    "Low",
    "Medium",
    "High"
  ]
}