{
  "accuracy": 0.5531914893617021,
  "precision_per_class": [
    0.6538461538461539,
    0.41935483870967744,
    0.5945945945945946
  ],
  "recall_per_class": [
    0.5483870967741935,
    0.43333333333333335,
    0.6666666666666666
  ],
  "f1_per_class": [
    0.5964912280701754,
    0.4262295081967213,
    0.6285714285714286
  ],
  "support_per_class": [
    31,
    30,
    33
  ],
  "precision_macro": 0.5559318623834754,
  "recall_macro": 0.5494623655913978,
  "f1_macro": 0.5504307216127751,
  "precision_weighted": 0.5582074207674756,
  "recall_weighted": 0.5531914893617021,
  "f1_weighted": 0.553414579350364,
  "confusion_matrix": [
    [
      17,
      9,
      5
    ],
    [
      7,
      13,
      10
    ],
    [
      2,
      9,
      22
    ]
  ],
  "class_labels": [
    "Low",
    "Medium",
    "High"
  ]
}