{
  "accuracy": 0.6557377049180327,
  "precision_per_class": [
    0.6875,
    0.5555555555555556,
    0.7333333333333333
  ],
  "recall_per_class": [
    0.6111111111111112,
    0.5952380952380952,
    0.75
  ],
  "f1_per_class": [
    0.6470588235294118,
    0.5747126436781609,
    0.7415730337078652
  ],
  "support_per_class": [
    36,
    42,
    44
  ],
  "precision_macro": 0.6587962962962962,
  "recall_macro": 0.6521164021164022,
  "f1_macro": 0.6544481669718126,
  "precision_weighted": 0.6586065573770491,
  "recall_weighted": 0.6557377049180327,
  "f1_weighted": 0.6562398538089153,
  "confusion_matrix": [
    [
      22,
      10,
      4
    ],
    [
      9,
      25,
      8
    ],
    [
      1,
      10,
      33
    ]
  ],
  "class_labels": [
    "Low",
    "Medium",
    "High"
  ]
}