{
  "accuracy": 0.6639344262295082,
  "precision_per_class": [
    0.7333333333333333,
    0.5625,
    0.7272727272727273
  ],
  "recall_per_class": [
    0.6111111111111112,
    0.6428571428571429,
    0.7272727272727273
  ],
  "f1_per_class": [
    0.6666666666666666,
    0.6,
    0.7272727272727273
  ],
  "support_per_class": [
    36,
    42,
    44
  ],
  "precision_macro": 0.674368686868687,
  "recall_macro": 0.6604136604136605,
  "f1_macro": 0.6646464646464646,
  "precision_weighted": 0.6723360655737706,
  "recall_weighted": 0.6639344262295082,
  "f1_weighted": 0.6655737704918033,
  "confusion_matrix": [
    [
      22,
      9,
      5
    ],
    [
      8,
      27,
      7
    ],
    [
      0,
      12,
      32
    ]
  ],
  "class_labels": [
    "Low",
    "Medium",
    "High"
  ]
}