{
  "accuracy": 0.6475409836065574,
  "precision_per_class": [
    0.6875,
    0.5531914893617021,
    0.7209302325581395
  ],
  "recall_per_class": [
    0.6111111111111112,
    0.6190476190476191,
    0.7045454545454546
  ],
  "f1_per_class": [
    0.6470588235294118,
    0.5842696629213483,
    0.7126436781609196
  ],
  "support_per_class": [
    36,
    42,
    44
  ],
  "precision_macro": 0.6538739073066139,
  "recall_macro": 0.644901394901395,
  "f1_macro": 0.6479907215372266,
  "precision_weighted": 0.6533194490635215,
  "recall_weighted": 0.6475409836065574,
  "f1_weighted": 0.6490964371216059,
  "confusion_matrix": [
    [
      22,
      9,
      5
    ],
    [
      9,
      26,
      7
    ],
    [
      1,
      12,
      31
    ]
  ],
  "class_labels": [
    "Low",
    "Medium",
    "High"
  ]
}