{
  "accuracy": 0.6060606060606061,
  "precision_per_class": [
    0.6111111111111112,
    0.4,
    1.0
  ],
  "recall_per_class": [
    0.8461538461538461,
    0.5,
    0.4166666666666667
  ],
  "f1_per_class": [
    0.7096774193548387,
    0.4444444444444444,
    0.5882352941176471
  ],
  "support_per_class": [
    13,
    8,
    12
  ],
  "precision_macro": 0.6703703703703704,
  "recall_macro": 0.5876068376068376,
  "f1_macro": 0.5807857193056435,
  "precision_weighted": 0.7013468013468014,
  "recall_weighted": 0.6060606060606061,
  "f1_weighted": 0.601217743532734,
  "confusion_matrix": [
    [
      11,
      2,
      0
    ],
    [
      4,
      4,
      0
    ],
    [
      3,
      4,
      5
    ]
  ],
  "class_labels": [
    "Low",
    "Medium",
    "High"
  ]
}