{
  "accuracy": 0.5151515151515151,
  "precision_per_class": [
    0.55,
    0.25,
    0.8
  ],
  "recall_per_class": [
    0.8461538461538461,
    0.25,
    0.3333333333333333
  ],
  "f1_per_class": [
    0.6666666666666666,
    0.25,
    0.47058823529411764
  ],
  "support_per_class": [
    13,
    8,
    12
  ],
  "precision_macro": 0.5333333333333333,
  "recall_macro": 0.4764957264957265,
  "f1_macro": 0.46241830065359474,
  "precision_weighted": 0.5681818181818182,
  "recall_weighted": 0.5151515151515151,
  "f1_weighted": 0.49435531788472964,
  "confusion_matrix": [
    [
      11,
      2,
      0
    ],
    [
      5,
      2,
      1
    ],
    [
      4,
      4,
      4
    ]
  ],
  "class_labels": [
    "Low",
    "Medium",
    "High"
  ]
}