{
  "accuracy": 0.6639344262295082,
  "precision_per_class": [
    0.75,
    0.56,
    0.7272727272727273
  ],
  "recall_per_class": [
    0.5833333333333334,
    0.6666666666666666,
    0.7272727272727273
  ],
  "f1_per_class": [
    0.65625,
    0.6086956521739131,
    0.7272727272727273
  ],
  "support_per_class": [
    36,
    42,
    44
  ],
  "precision_macro": 0.6790909090909091,
  "recall_macro": 0.6590909090909091,
  "f1_macro": 0.6640727931488801,
  "precision_weighted": 0.6763934426229509,
  "recall_weighted": 0.6639344262295082,
  "f1_weighted": 0.6654935851746258,
  "confusion_matrix": [
    [
      21,
      10,
      5
    ],
    [
      7,
      28,
      7
    ],
    [
      0,
      12,
      32
    ]
  ],
  "class_labels": [
    "Low",
    "Medium",
    "High"
  ]
}