{
  "accuracy": 0.5425531914893617,
  "precision_per_class": [
    0.6071428571428571,
    0.4,
    0.6111111111111112
  ],
  "recall_per_class": [
    0.5483870967741935,
    0.4,
    0.6666666666666666
  ],
  "f1_per_class": [
    0.576271186440678,
    0.4,
    0.6376811594202898
  ],
  "support_per_class": [
    31,
    30,
    33
  ],
  "precision_macro": 0.5394179894179895,
  "recall_macro": 0.5383512544802868,
  "f1_macro": 0.5379841152869892,
  "precision_weighted": 0.5424265450861195,
  "recall_weighted": 0.5425531914893617,
  "f1_weighted": 0.5415732451120274,
  "confusion_matrix": [
    [
      17,
      9,
      5
    ],
    [
      9,
      12,
      9
    ],
    [
      2,
      9,
      22
    ]
  ],
  "class_labels": [
    "Low",
    "Medium",
    "High"
  ]
}