{
  "accuracy": 0.5425531914893617,
  "precision_per_class": [
    0.6071428571428571,
    0.41935483870967744,
    0.6
  ],
  "recall_per_class": [
    0.5483870967741935,
    0.43333333333333335,
    0.6363636363636364
  ],
  "f1_per_class": [
    0.576271186440678,
    0.4262295081967213,
    0.6176470588235294
  ],
  "support_per_class": [
    31,
    30,
    33
  ],
  "precision_macro": 0.5421658986175114,
  "recall_macro": 0.5393613554903878,
  "f1_macro": 0.5400492511536429,
  "precision_weighted": 0.544702912050201,
  "recall_weighted": 0.5425531914893617,
  "f1_weighted": 0.5429111166674375,
  "confusion_matrix": [
    [
      17,
      9,
      5
    ],
    [
      8,
      13,
      9
    ],
    [
      3,
      9,
      21
    ]
  ],
  "class_labels": [
    "Low",
    "Medium",
    "High"
  ]
}