{
  "accuracy": 0.5757575757575758,
  "precision_per_class": [
    0.5789473684210527,
    0.3333333333333333,
    1.0
  ],
  "recall_per_class": [
    0.8461538461538461,
    0.375,
    0.4166666666666667
  ],
  "f1_per_class": [
    0.6875,
    0.35294117647058826,
    0.5882352941176471
  ],
  "support_per_class": [
    13,
    8,
    12
  ],
  "precision_macro": 0.6374269005847953,
  "recall_macro": 0.545940170940171,
  "f1_macro": 0.5428921568627452,
  "precision_weighted": 0.6725146198830408,
  "recall_weighted": 0.5757575757575758,
  "f1_weighted": 0.5702985739750446,
  "confusion_matrix": [
    [
      11,
      2,
      0
    ],
    [
      5,
      3,
      0
    ],
    [
      3,
      4,
      5
    ]
  ],
  "class_labels": [
    "Low",
    "Medium",
    "High"
  ]
}