{
  "accuracy": 0.6438848920863309,
  "precision_per_class": [
    0.6404494382022472,
    0.5619047619047619,
    0.75
  ],
  "recall_per_class": [
    0.6627906976744186,
    0.5841584158415841,
    0.6923076923076923
  ],
  "f1_per_class": [
    0.6514285714285715,
    0.5728155339805825,
    0.72
  ],
  "support_per_class": [
    86,
    101,
    91
  ],
  "precision_macro": 0.650784733369003,
  "recall_macro": 0.646418935274565,
  "f1_macro": 0.648081368469718,
  "precision_weighted": 0.6477734986970296,
  "recall_weighted": 0.6438848920863309,
  "f1_weighted": 0.6453137628593381,
  "confusion_matrix": [
    [
      57,
      25,
      4
    ],
    [
      25,
      59,
      17
    ],
    [
      7,
      21,
      63
    ]
  ],
  "class_labels": [
    "Low",
    "Medium",
    "High"
  ]
}