{
  "accuracy": 0.6474820143884892,
  "precision_per_class": [
    0.6222222222222222,
    0.5686274509803921,
    0.7674418604651163
  ],
  "recall_per_class": [
    0.6511627906976745,
    0.5742574257425742,
    0.7252747252747253
  ],
  "f1_per_class": [
    0.6363636363636364,
    0.5714285714285714,
    0.7457627118644068
  ],
  "support_per_class": [
    86,
    101,
    91
  ],
  "precision_macro": 0.6527638445559102,
  "recall_macro": 0.6502316472383246,
  "f1_macro": 0.6511849732188716,
  "precision_weighted": 0.6502866653325766,
  "recall_weighted": 0.6474820143884892,
  "f1_weighted": 0.6485826087094226,
  "confusion_matrix": [
    [
      56,
      26,
      4
    ],
    [
      27,
      58,
      16
    ],
    [
      7,
      18,
      66
    ]
  ],
  "class_labels": [
    "Low",
    "Medium",
    "High"
  ]
}