{
  "accuracy": 0.6438848920863309,
  "precision_per_class": [
    0.6020408163265306,
    0.5757575757575758,
    0.7777777777777778
  ],
  "recall_per_class": [
    0.686046511627907,
    0.5643564356435643,
    0.6923076923076923
  ],
  "f1_per_class": [
    0.6413043478260869,
    0.57,
    0.7325581395348837
  ],
  "support_per_class": [
    86,
    101,
    91
  ],
  "precision_macro": 0.6518587232872948,
  "recall_macro": 0.6475702131930545,
  "f1_macro": 0.6479541624536568,
  "precision_weighted": 0.6500172774581819,
  "recall_weighted": 0.6438848920863309,
  "f1_weighted": 0.6452696568730859,
  "confusion_matrix": [
    [
      59,
      24,
      3
    ],
    [
      29,
      57,
      15
    ],
    [
      10,
      18,
      63
    ]
  ],
  "class_labels": [
    "Low",
    "Medium",
    "High"
  ]
}