{
  "accuracy": 0.6769911504424779,
  "precision_per_class": [
    0.7476635514018691,
    0.5875,
    0.6666666666666666
  ],
  "recall_per_class": [
    0.7920792079207921,
    0.573170731707317,
    0.6046511627906976
  ],
  "f1_per_class": [
    0.7692307692307693,
    0.5802469135802469,
    0.6341463414634146
  ],
  "support_per_class": [
    101,
    82,
    43
  ],
  "precision_macro": 0.6672767393561786,
  "recall_macro": 0.6566337008062689,
  "f1_macro": 0.661208008091477,
  "precision_weighted": 0.6741402007002453,
  "recall_weighted": 0.6769911504424779,
  "f1_weighted": 0.6749595012779415,
  "confusion_matrix": [
    [
      80,
      19,
      2
    ],
    [
      24,
      47,
      11
    ],
    [
      3,
      14,
      26
    ]
  ],
  "class_labels": [
    "Low",
    "Medium",
    "High"
  ]
}