{
  "accuracy": 0.672566371681416,
  "precision_per_class": [
    0.7142857142857143,
    0.5844155844155844,
    0.7297297297297297
  ],
  "recall_per_class": [
    0.7920792079207921,
    0.5487804878048781,
    0.627906976744186
  ],
  "f1_per_class": [
    0.7511737089201878,
    0.5660377358490566,
    0.675
  ],
  "support_per_class": [
    101,
    82,
    43
  ],
  "precision_macro": 0.6761436761436762,
  "recall_macro": 0.6562555574899521,
  "f1_macro": 0.6640704815897481,
  "precision_weighted": 0.6701031568288205,
  "recall_weighted": 0.672566371681416,
  "f1_weighted": 0.6695072519493875,
  "confusion_matrix": [
    [
      80,
      19,
      2
    ],
    [
      29,
      45,
      8
    ],
    [
      3,
      13,
      27
    ]
  ],
  "class_labels": [
    "Low",
    "Medium",
    "High"
  ]
}