{
  "accuracy": 0.6592920353982301,
  "precision_per_class": [
    0.7247706422018348,
    0.5625,
    0.6756756756756757
  ],
  "recall_per_class": [
    0.7821782178217822,
    0.5487804878048781,
    0.5813953488372093
  ],
  "f1_per_class": [
    0.7523809523809524,
    0.5555555555555556,
    0.625
  ],
  "support_per_class": [
    101,
    82,
    43
  ],
  "precision_macro": 0.6543154392925035,
  "recall_macro": 0.6374513514879565,
  "f1_macro": 0.6443121693121693,
  "precision_weighted": 0.656552605824953,
  "recall_weighted": 0.6592920353982301,
  "f1_weighted": 0.6567302289647423,
  "confusion_matrix": [
    [
      79,
      20,
      2
    ],
    [
      27,
      45,
      10
    ],
    [
      3,
      15,
      25
    ]
  ],
  "class_labels": [
    "Low",
    "Medium",
    "High"
  ]
}