{
  "accuracy": 0.6637168141592921,
  "precision_per_class": [
    0.7407407407407407,
    0.5595238095238095,
    0.6764705882352942
  ],
  "recall_per_class": [
    0.7920792079207921,
    0.573170731707317,
    0.5348837209302325
  ],
  "f1_per_class": [
    0.7655502392344498,
    0.5662650602409639,
    0.5974025974025974
  ],
  "support_per_class": [
    101,
    82,
    43
  ],
  "precision_macro": 0.6589117128332814,
  "recall_macro": 0.6333778868527805,
  "f1_macro": 0.6430726322926703,
  "precision_weighted": 0.6627610729640923,
  "recall_weighted": 0.6637168141592921,
  "f1_weighted": 0.6612505344723457,
  "confusion_matrix": [
    [
      80,
      20,
      1
    ],
    [
      25,
      47,
      10
    ],
    [
      3,
      17,
      23
    ]
  ],
  "class_labels": [
    "Low",
    "Medium",
    "High"
  ]
}