{
  "accuracy": 0.7302631578947368,
  "precision_per_class": [
    0.7285714285714285,
    0.6363636363636364,
    0.8145161290322581
  ],
  "recall_per_class": [
    0.6538461538461539,
    0.693069306930693,
    0.808
  ],
  "f1_per_class": [
    0.6891891891891891,
    0.6635071090047393,
    0.8112449799196787
  ],
  "support_per_class": [
    78,
    101,
    125
  ],
  "precision_macro": 0.7264837313224409,
  "recall_macro": 0.7183051535922823,
  "f1_macro": 0.7213137593712023,
  "precision_weighted": 0.7332757066787203,
  "recall_weighted": 0.7302631578947368,
  "f1_weighted": 0.7308440699216948,
  "confusion_matrix": [
    [
      51,
      21,
      6
    ],
    [
      14,
      70,
      17
    ],
    [
      5,
      19,
      101
    ]
  ],
  "class_labels": [
    "Low",
    "Medium",
    "High"
  ]
}