{
  "accuracy": 0.7171052631578947,
  "precision_per_class": [
    0.7,
    0.6272727272727273,
    0.8064516129032258
  ],
  "recall_per_class": [
    0.6282051282051282,
    0.6831683168316832,
    0.8
  ],
  "f1_per_class": [
    0.6621621621621622,
    0.6540284360189573,
    0.8032128514056225
  ],
  "support_per_class": [
    78,
    101,
    125
  ],
  "precision_macro": 0.7112414467253177,
  "recall_macro": 0.7037911483456037,
  "f1_macro": 0.7064678165289141,
  "precision_weighted": 0.7196085429850285,
  "recall_weighted": 0.7171052631578947,
  "f1_weighted": 0.7174576549745597,
  "confusion_matrix": [
    [
      49,
      22,
      7
    ],
    [
      15,
      69,
      17
    ],
    [
      6,
      19,
      100
    ]
  ],
  "class_labels": [
    "Low",
    "Medium",
    "High"
  ]
}