{
  "accuracy": 0.7335526315789473,
  "precision_per_class": [
    0.7083333333333334,
    0.6454545454545455,
    0.8278688524590164
  ],
  "recall_per_class": [
    0.6538461538461539,
    0.7029702970297029,
    0.808
  ],
  "f1_per_class": [
    0.68,
    0.6729857819905213,
    0.8178137651821862
  ],
  "support_per_class": [
    78,
    101,
    125
  ],
  "precision_macro": 0.7272189104156318,
  "recall_macro": 0.7216054836252855,
  "f1_macro": 0.7235998490575692,
  "precision_weighted": 0.7365938014746255,
  "recall_weighted": 0.7335526315789473,
  "f1_weighted": 0.7343364625947892,
  "confusion_matrix": [
    [
      51,
      21,
      6
    ],
    [
      15,
      71,
      15
    ],
    [
      6,
      18,
      101
    ]
  ],
  "class_labels": [
    "Low",
    "Medium",
    "High"
  ]
}