{
  "accuracy": 0.7335526315789473,
  "precision_per_class": [
    0.7083333333333334,
    0.6396396396396397,
    0.8347107438016529
  ],
  "recall_per_class": [
    0.6538461538461539,
    0.7029702970297029,
    0.808
  ],
  "f1_per_class": [
    0.68,
    0.6698113207547169,
    0.8211382113821138
  ],
  "support_per_class": [
    78,
    101,
    125
  ],
  "precision_macro": 0.7275612389248752,
  "recall_macro": 0.7216054836252855,
  "f1_macro": 0.7236498440456103,
  "precision_weighted": 0.7374751532197705,
  "recall_weighted": 0.7335526315789473,
  "f1_weighted": 0.7346487494045745,
  "confusion_matrix": [
    [
      51,
      21,
      6
    ],
    [
      16,
      71,
      14
    ],
    [
      5,
      19,
      101
    ]
  ],
  "class_labels": [
    "Low",
    "Medium",
    "High"
  ]
}