{
  "accuracy": 0.7391304347826086,
  "precision_per_class": [
    0.8260869565217391,
    0.7058823529411765,
    0.6896551724137931
  ],
  "recall_per_class": [
    0.8260869565217391,
    0.5,
    0.9090909090909091
  ],
  "f1_per_class": [
    0.8260869565217391,
    0.5853658536585366,
    0.7843137254901961
  ],
  "support_per_class": [
    23,
    24,
    22
  ],
  "precision_macro": 0.7405414939589029,
  "recall_macro": 0.7450592885375494,
  "f1_macro": 0.731922178556824,
  "precision_weighted": 0.7407766704882852,
  "recall_weighted": 0.7391304347826086,
  "f1_weighted": 0.72903887606651,
  "confusion_matrix": [
    [
      19,
      3,
      1
    ],
    [
      4,
      12,
      8
    ],
    [
      0,
      2,
      20
    ]
  ],
  "class_labels": [
    "Low",
    "Medium",
    "High"
  ]
}