{
  "accuracy": 0.5833333333333334,
  "precision_per_class": [
    0.4,
    0.5,
    1.0
  ],
  "recall_per_class": [
    0.5,
    0.5,
    0.75
  ],
  "f1_per_class": [
    0.4444444444444444,
    0.5,
    0.8571428571428571
  ],
  "support_per_class": [
    4,
    4,
    4
  ],
  "precision_macro": 0.6333333333333333,
  "recall_macro": 0.5833333333333334,
  "f1_macro": 0.6005291005291005,
  "precision_weighted": 0.6333333333333333,
  "recall_weighted": 0.5833333333333334,
  "f1_weighted": 0.6005291005291005,
  "confusion_matrix": [
    [
      2,
      2,
      0
    ],
    [
      2,
      2,
      0
    ],
    [
      1,
      0,
      3
    ]
  ],
  "class_labels": [
    "Low",
    "Medium",
    "High"
  ]
}