{
  "accuracy": 0.7391304347826086,
  "precision_per_class": [
    0.8181818181818182,
    0.6842105263157895,
    0.7142857142857143
  ],
  "recall_per_class": [
    0.782608695652174,
    0.5416666666666666,
    0.9090909090909091
  ],
  "f1_per_class": [
    0.8,
    0.6046511627906976,
    0.8
  ],
  "support_per_class": [
    23,
    24,
    22
  ],
  "precision_macro": 0.7388926862611074,
  "recall_macro": 0.7444554238032498,
  "f1_macro": 0.7348837209302325,
  "precision_weighted": 0.7384568139716883,
  "recall_weighted": 0.7391304347826086,
  "f1_weighted": 0.7320525783619819,
  "confusion_matrix": [
    [
      18,
      4,
      1
    ],
    [
      4,
      13,
      7
    ],
    [
      0,
      2,
      20
    ]
  ],
  "class_labels": [
    "Low",
    "Medium",
    "High"
  ]
}