{
  "accuracy": 0.7391304347826086,
  "precision_per_class": [
    0.7916666666666666,
    0.7222222222222222,
    0.7037037037037037
  ],
  "recall_per_class": [
    0.8260869565217391,
    0.5416666666666666,
    0.8636363636363636
  ],
  "f1_per_class": [
    0.8085106382978723,
    0.6190476190476191,
    0.7755102040816326
  ],
  "support_per_class": [
    23,
    24,
    22
  ],
  "precision_macro": 0.7391975308641975,
  "recall_macro": 0.7437966622749231,
  "f1_macro": 0.7343561538090414,
  "precision_weighted": 0.7394659151905528,
  "recall_weighted": 0.7391304347826086,
  "f1_weighted": 0.7320885801128961,
  "confusion_matrix": [
    [
      19,
      3,
      1
    ],
    [
      4,
      13,
      7
    ],
    [
      1,
      2,
      19
    ]
  ],
  "class_labels": [
    "Low",
    "Medium",
    "High"
  ]
}