{
  "accuracy": 0.7727272727272727,
  "precision_per_class": [
    0.6666666666666666,
    0.7894736842105263
  ],
  "recall_per_class": [
    0.3333333333333333,
    0.9375
  ],
  "f1_per_class": [
    0.4444444444444444,
    0.8571428571428571
  ],
  "support_per_class": [
    18,
    48
  ],
  "precision_macro": 0.7280701754385965,
  "recall_macro": 0.6354166666666666,
  "f1_macro": 0.6507936507936507,
  "precision_weighted": 0.7559808612440191,
  "recall_weighted": 0.7727272727272727,
  "f1_weighted": 0.7445887445887446,
  "confusion_matrix": [
    [
      6,
      12
    ],
    [
      3,
      45
    ]
  ],
  "class_labels": [
    "Low+Medium",
    "High"
  ]
}