{
  "accuracy": 0.8181818181818182,
  "precision_per_class": [
    0.7142857142857143,
    0.8461538461538461
  ],
  "recall_per_class": [
    0.5555555555555556,
    0.9166666666666666
  ],
  "f1_per_class": [
    0.625,
    0.88
  ],
  "support_per_class": [
    18,
    48
  ],
  "precision_macro": 0.7802197802197802,
  "recall_macro": 0.7361111111111112,
  "f1_macro": 0.7525,
  "precision_weighted": 0.8101898101898102,
  "recall_weighted": 0.8181818181818182,
  "f1_weighted": 0.8104545454545455,
  "confusion_matrix": [
    [
      10,
      8
    ],
    [
      4,
      44
    ]
  ],
  "class_labels": [
    "Low+Medium",
    "High"
  ]
}