{
  "accuracy": 0.803030303030303,
  "precision_per_class": [
    0.6923076923076923,
    0.8301886792452831
  ],
  "recall_per_class": [
    0.5,
    0.9166666666666666
  ],
  "f1_per_class": [
    0.5806451612903226,
    0.8712871287128713
  ],
  "support_per_class": [
    18,
    48
  ],
  "precision_macro": 0.7612481857764877,
  "recall_macro": 0.7083333333333333,
  "f1_macro": 0.725966145001597,
  "precision_weighted": 0.7925847737168492,
  "recall_weighted": 0.803030303030303,
  "f1_weighted": 0.7920211375976308,
  "confusion_matrix": [
    [
      9,
      9
    ],
    [
      4,
      44
    ]
  ],
  "class_labels": [
    "Low+Medium",
    "High"
  ]
}