{
  "accuracy": 0.7363636363636363,
  "precision_per_class": [
    0.8278688524590164,
    0.631578947368421,
    0.7446808510638298
  ],
  "recall_per_class": [
    0.7829457364341085,
    0.6486486486486487,
    0.7777777777777778
  ],
  "f1_per_class": [
    0.8047808764940239,
    0.64,
    0.7608695652173914
  ],
  "support_per_class": [
    129,
    111,
    90
  ],
  "precision_macro": 0.7347095502970892,
  "recall_macro": 0.7364573876201783,
  "f1_macro": 0.7352168139038051,
  "precision_weighted": 0.739156429457129,
  "recall_weighted": 0.7363636363636363,
  "f1_weighted": 0.7373787695069524,
  "confusion_matrix": [
    [
      101,
      25,
      3
    ],
    [
      18,
      72,
      21
    ],
    [
      3,
      17,
      70
    ]
  ],
  "class_labels": [
    "Low",
    "Medium",
    "High"
  ]
}