{
  "accuracy": 0.7333333333333333,
  "precision_per_class": [
    0.8292682926829268,
    0.6216216216216216,
    0.7395833333333334
  ],
  "recall_per_class": [
    0.7906976744186046,
    0.6216216216216216,
    0.7888888888888889
  ],
  "f1_per_class": [
    0.8095238095238095,
    0.6216216216216216,
    0.7634408602150538
  ],
  "support_per_class": [
    129,
    111,
    90
  ],
  "precision_macro": 0.7301577492126272,
  "recall_macro": 0.7337360616430383,
  "f1_macro": 0.7315287637868284,
  "precision_weighted": 0.7349639689578714,
  "recall_weighted": 0.7333333333333333,
  "f1_weighted": 0.7337522692361402,
  "confusion_matrix": [
    [
      102,
      24,
      3
    ],
    [
      20,
      69,
      22
    ],
    [
      1,
      18,
      71
    ]
  ],
  "class_labels": [
    "Low",
    "Medium",
    "High"
  ]
}