{
  "accuracy": 0.7363636363636363,
  "precision_per_class": [
    0.8292682926829268,
    0.6330275229357798,
    0.7346938775510204
  ],
  "recall_per_class": [
    0.7906976744186046,
    0.6216216216216216,
    0.8
  ],
  "f1_per_class": [
    0.8095238095238095,
    0.6272727272727273,
    0.7659574468085106
  ],
  "support_per_class": [
    129,
    111,
    90
  ],
  "precision_macro": 0.7323298977232423,
  "recall_macro": 0.737439765346742,
  "f1_macro": 0.7342513278683492,
  "precision_weighted": 0.7374670114592756,
  "recall_weighted": 0.7363636363636363,
  "f1_weighted": 0.7363394374806367,
  "confusion_matrix": [
    [
      102,
      24,
      3
    ],
    [
      19,
      69,
      23
    ],
    [
      2,
      16,
      72
    ]
  ],
  "class_labels": [
    "Low",
    "Medium",
    "High"
  ]
}