{
  "accuracy": 0.7424242424242424,
  "precision_per_class": [
    0.8225806451612904,
    0.6454545454545455,
    0.75
  ],
  "recall_per_class": [
    0.7906976744186046,
    0.6396396396396397,
    0.8
  ],
  "f1_per_class": [
    0.8063241106719368,
    0.6425339366515838,
    0.7741935483870968
  ],
  "support_per_class": [
    129,
    111,
    90
  ],
  "precision_macro": 0.739345063538612,
  "recall_macro": 0.7434457713527481,
  "f1_macro": 0.7410171985702059,
  "precision_weighted": 0.743207144761397,
  "recall_weighted": 0.7424242424242424,
  "f1_weighted": 0.7424681715146798,
  "confusion_matrix": [
    [
      102,
      24,
      3
    ],
    [
      19,
      71,
      21
    ],
    [
      3,
      15,
      72
    ]
  ],
  "class_labels": [
    "Low",
    "Medium",
    "High"
  ]
}