{
  "accuracy": 0.85,
  "precision_per_class": [
    1.0,
    0.8,
    1.0
  ],
  "recall_per_class": [
    0.6666666666666666,
    1.0,
    0.6
  ],
  "f1_per_class": [
    0.8,
    0.8888888888888888,
    0.75
  ],
  "support_per_class": [
    3,
    12,
    5
  ],
  "precision_macro": 0.9333333333333332,
  "recall_macro": 0.7555555555555555,
  "f1_macro": 0.812962962962963,
  "precision_weighted": 0.8800000000000001,
  "recall_weighted": 0.85,
  "f1_weighted": 0.8408333333333333,
  "confusion_matrix": [
    [
      2,
      1,
      0
    ],
    [
      0,
      12,
      0
    ],
    [
      0,
      2,
      3
    ]
  ],
  "class_labels": [
    "Low",
    "Medium",
    "High"
  ]
}